cell_type	prop
B	0.20722903601366718
CD4T	0.21487472191709173
CD8T	0.17785976564054523
DC	0.016122039530804287
monocyte	0.1519457097589802
NK	0.07374181989335338
