cell_type	prop
Inhibitory neurons	0.102130737487027
Oligodendrocytes	0.169931676536728
Excitatory neurons	0.308488897051598
Astrocytes	0.290533778997567
OPCs	0.00379891008352746
Microglia	0.0490726269125998
Pericytes	0.024231706135807
Endothelial	0.0518116667951463
